{
  "method": "standard",
  "columns": [
    "temp_c",
    "rh_pct",
    "pres_hpa",
    "wspd_ms",
    "solar_wm2",
    "hour_sin",
    "hour_cos",
    "doy_sin",
    "doy_cos",
    "temp_c_lag1",
    "rh_pct_lag1",
    "pres_hpa_lag1",
    "wspd_ms_lag1",
    "solar_wm2_lag1",
    "hour_sin_lag1",
    "hour_cos_lag1",
    "doy_sin_lag1",
    "doy_cos_lag1",
    "temp_c_lag2",
    "rh_pct_lag2",
    "pres_hpa_lag2",
    "wspd_ms_lag2",
    "solar_wm2_lag2",
    "hour_sin_lag2",
    "hour_cos_lag2",
    "doy_sin_lag2",
    "doy_cos_lag2",
    "temp_c_lag3",
    "rh_pct_lag3",
    "pres_hpa_lag3",
    "wspd_ms_lag3",
    "solar_wm2_lag3",
    "hour_sin_lag3",
    "hour_cos_lag3",
    "doy_sin_lag3",
    "doy_cos_lag3",
    "temp_c_lag6",
    "rh_pct_lag6",
    "pres_hpa_lag6",
    "wspd_ms_lag6",
    "solar_wm2_lag6",
    "hour_sin_lag6",
    "hour_cos_lag6",
    "doy_sin_lag6",
    "doy_cos_lag6",
    "temp_c_lag12",
    "rh_pct_lag12",
    "pres_hpa_lag12",
    "wspd_ms_lag12",
    "solar_wm2_lag12",
    "hour_sin_lag12",
    "hour_cos_lag12",
    "doy_sin_lag12",
    "doy_cos_lag12",
    "temp_c_lag24",
    "rh_pct_lag24",
    "pres_hpa_lag24",
    "wspd_ms_lag24",
    "solar_wm2_lag24",
    "hour_sin_lag24",
    "hour_cos_lag24",
    "doy_sin_lag24",
    "doy_cos_lag24",
    "temp_c_t+1",
    "temp_c_t+3",
    "temp_c_t+6"
  ],
  "parameters": {
    "temp_c": {
      "mean": 17.559009574788472,
      "scale": 7.2123845263192266
    },
    "rh_pct": {
      "mean": 68.74476011582713,
      "scale": 4.176263148940249
    },
    "pres_hpa": {
      "mean": 1013.0142939988989,
      "scale": 7.404523733676508
    },
    "wspd_ms": {
      "mean": 3.731213923575018,
      "scale": 1.4075508055394583
    },
    "solar_wm2": {
      "mean": 248.0763994513088,
      "scale": 309.1381612027913
    },
    "hour_sin": {
      "mean": -1.7412595760700876e-17,
      "scale": 0.7070526278813801
    },
    "hour_cos": {
      "mean": 0.000153162812069173,
      "scale": 0.7071609137580976
    },
    "doy_sin": {
      "mean": 0.21507198946822007,
      "scale": 0.6751091389205791
    },
    "doy_cos": {
      "mean": -0.21919517467507796,
      "scale": 0.6707646124321544
    },
    "temp_c_lag1": {
      "mean": 17.557759471908557,
      "scale": 7.2147521348947175
    },
    "rh_pct_lag1": {
      "mean": 68.7450749840059,
      "scale": 4.17664954810239
    },
    "pres_hpa_lag1": {
      "mean": 1013.0139456309853,
      "scale": 7.404310829410632
    },
    "wspd_ms_lag1": {
      "mean": 3.731344513826882,
      "scale": 1.4073989454243108
    },
    "solar_wm2_lag1": {
      "mean": 248.1100325410442,
      "scale": 309.12311452578376
    },
    "hour_sin_lag1": {
      "mean": -3.9641452764990215e-05,
      "scale": 0.7070598821779325
    },
    "hour_cos_lag1": {
      "mean": 0.00014794391580467338,
      "scale": 0.7071536604979721
    },
    "doy_sin_lag1": {
      "mean": 0.21522778683342805,
      "scale": 0.6749460664139431
    },
    "doy_cos_lag1": {
      "mean": -0.21904219919787274,
      "scale": 0.6709287012624285
    },
    "temp_c_lag2": {
      "mean": 17.556543976099285,
      "scale": 7.216975205028007
    },
    "rh_pct_lag2": {
      "mean": 68.74585296537249,
      "scale": 4.17814013755042
    },
    "pres_hpa_lag2": {
      "mean": 1013.0135383011686,
      "scale": 7.404105663656492
    },
    "wspd_ms_lag2": {
      "mean": 3.7303618080981815,
      "scale": 1.4052876982928717
    },
    "solar_wm2_lag2": {
      "mean": 248.15897032436118,
      "scale": 309.14948265157136
    },
    "hour_sin_lag2": {
      "mean": -7.65814060346322e-05,
      "scale": 0.7070797009052593
    },
    "hour_cos_lag2": {
      "mean": 0.0001326428861669602,
      "scale": 0.7071338438434991
    },
    "doy_sin_lag2": {
      "mean": 0.2153835643696173,
      "scale": 0.6747829542398972
    },
    "doy_cos_lag2": {
      "mean": -0.21888658905616237,
      "scale": 0.671093544893761
    },
    "temp_c_lag3": {
      "mean": 17.555311408861275,
      "scale": 7.2192053399588305
    },
    "rh_pct_lag3": {
      "mean": 68.74600691529507,
      "scale": 4.178464982618833
    },
    "pres_hpa_lag3": {
      "mean": 1013.0128899558775,
      "scale": 7.403676807740434
    },
    "wspd_ms_lag3": {
      "mean": 3.7305735152376394,
      "scale": 1.4051338515049792
    },
    "solar_wm2_lag3": {
      "mean": 248.1482615042369,
      "scale": 309.13269071243235
    },
    "hour_sin_lag3": {
      "mean": -0.00010830246303976996,
      "scale": 0.7071067728925926
    },
    "hour_cos_lag3": {
      "mean": 0.00010830246303969649,
      "scale": 0.7071067728925926
    },
    "doy_sin_lag3": {
      "mean": 0.2155393419058067,
      "scale": 0.6746197666571222
    },
    "doy_cos_lag3": {
      "mean": -0.2187309789144522,
      "scale": 0.6712583119704569
    },
    "temp_c_lag6": {
      "mean": 17.55222917805968,
      "scale": 7.223630998782388
    },
    "rh_pct_lag6": {
      "mean": 68.747803048921,
      "scale": 4.180764779475283
    },
    "pres_hpa_lag6": {
      "mean": 1013.0107482034259,
      "scale": 7.402629514835185
    },
    "wspd_ms_lag6": {
      "mean": 3.7304239198495486,
      "scale": 1.405262386426919
    },
    "solar_wm2_lag6": {
      "mean": 247.9328662455368,
      "scale": 308.8250575981764
    },
    "hour_sin_lag6": {
      "mean": -0.00015316281206924047,
      "scale": 0.7071609137580976
    },
    "hour_cos_lag6": {
      "mean": -5.659093622227785e-17,
      "scale": 0.7070526278813801
    },
    "doy_sin_lag6": {
      "mean": 0.21600667451437464,
      "scale": 0.6741297509086666
    },
    "doy_cos_lag6": {
      "mean": -0.21826414848932124,
      "scale": 0.6717521544359137
    },
    "temp_c_lag12": {
      "mean": 17.545505879177657,
      "scale": 7.228770865386318
    },
    "rh_pct_lag12": {
      "mean": 68.75056530217,
      "scale": 4.1821608518096784
    },
    "pres_hpa_lag12": {
      "mean": 1013.0083299370149,
      "scale": 7.401380824550135
    },
    "wspd_ms_lag12": {
      "mean": 3.7286474256376247,
      "scale": 1.404662533332136
    },
    "solar_wm2_lag12": {
      "mean": 247.8977882750628,
      "scale": 308.8402098724164
    },
    "hour_sin_lag12": {
      "mean": -1.523602129061327e-17,
      "scale": 0.7070526278813801
    },
    "hour_cos_lag12": {
      "mean": -0.00015316281206928617,
      "scale": 0.7071609137580976
    },
    "doy_sin_lag12": {
      "mean": 0.21694133973151067,
      "scale": 0.67314767596191
    },
    "doy_cos_lag12": {
      "mean": -0.21733048763905954,
      "scale": 0.672737779974594
    },
    "temp_c_lag24": {
      "mean": 17.528964752542617,
      "scale": 7.247115822837545
    },
    "rh_pct_lag24": {
      "mean": 68.75955670403982,
      "scale": 4.188815422437653
    },
    "pres_hpa_lag24": {
      "mean": 1013.0014804283655,
      "scale": 7.397858516504503
    },
    "wspd_ms_lag24": {
      "mean": 3.72827470224333,
      "scale": 1.4060738948689189
    },
    "solar_wm2_lag24": {
      "mean": 247.71879137573728,
      "scale": 308.57290780754295
    },
    "hour_sin_lag24": {
      "mean": -1.7412595760700876e-17,
      "scale": 0.7070526278813801
    },
    "hour_cos_lag24": {
      "mean": 0.000153162812069173,
      "scale": 0.7071609137580976
    },
    "doy_sin_lag24": {
      "mean": 0.21881067016578257,
      "scale": 0.6711753103653256
    },
    "doy_cos_lag24": {
      "mean": -0.21546316593853623,
      "scale": 0.6747008355570289
    },
    "temp_c_t+1": {
      "mean": 17.560387835480572,
      "scale": 7.209912833105447
    },
    "temp_c_t+3": {
      "mean": 17.562905534246983,
      "scale": 7.2056353830377615
    },
    "temp_c_t+6": {
      "mean": 17.566867021391715,
      "scale": 7.200446917185543
    }
  }
}