{
  "method": "standard",
  "params": {
    "temp_c": [
      17.559009574788472,
      7.2123845263192266,
      0.0
    ],
    "rh_pct": [
      68.74476011582713,
      4.176263148940249,
      0.0
    ],
    "pres_hpa": [
      1013.0142939988989,
      7.404523733676508,
      0.0
    ],
    "wspd_ms": [
      3.731213923575018,
      1.4075508055394583,
      0.0
    ],
    "solar_wm2": [
      248.0763994513088,
      309.1381612027913,
      0.0
    ],
    "hour_sin": [
      -1.7412595760700876e-17,
      0.7070526278813801,
      0.0
    ],
    "hour_cos": [
      0.000153162812069173,
      0.7071609137580976,
      0.0
    ],
    "doy_sin": [
      0.21507198946822007,
      0.6751091389205791,
      0.0
    ],
    "doy_cos": [
      -0.21919517467507796,
      0.6707646124321544,
      0.0
    ],
    "temp_c_lag1": [
      17.557759471908557,
      7.2147521348947175,
      0.0
    ],
    "rh_pct_lag1": [
      68.7450749840059,
      4.17664954810239,
      0.0
    ],
    "pres_hpa_lag1": [
      1013.0139456309853,
      7.404310829410632,
      0.0
    ],
    "wspd_ms_lag1": [
      3.731344513826882,
      1.4073989454243108,
      0.0
    ],
    "solar_wm2_lag1": [
      248.1100325410442,
      309.12311452578376,
      0.0
    ],
    "hour_sin_lag1": [
      -3.9641452764990215e-05,
      0.7070598821779325,
      0.0
    ],
    "hour_cos_lag1": [
      0.00014794391580467338,
      0.7071536604979721,
      0.0
    ],
    "doy_sin_lag1": [
      0.21522778683342805,
      0.6749460664139431,
      0.0
    ],
    "doy_cos_lag1": [
      -0.21904219919787274,
      0.6709287012624285,
      0.0
    ],
    "temp_c_lag2": [
      17.556543976099285,
      7.216975205028007,
      0.0
    ],
    "rh_pct_lag2": [
      68.74585296537249,
      4.17814013755042,
      0.0
    ],
    "pres_hpa_lag2": [
      1013.0135383011686,
      7.404105663656492,
      0.0
    ],
    "wspd_ms_lag2": [
      3.7303618080981815,
      1.4052876982928717,
      0.0
    ],
    "solar_wm2_lag2": [
      248.15897032436118,
      309.14948265157136,
      0.0
    ],
    "hour_sin_lag2": [
      -7.65814060346322e-05,
      0.7070797009052593,
      0.0
    ],
    "hour_cos_lag2": [
      0.0001326428861669602,
      0.7071338438434991,
      0.0
    ],
    "doy_sin_lag2": [
      0.2153835643696173,
      0.6747829542398972,
      0.0
    ],
    "doy_cos_lag2": [
      -0.21888658905616237,
      0.671093544893761,
      0.0
    ],
    "temp_c_lag3": [
      17.555311408861275,
      7.2192053399588305,
      0.0
    ],
    "rh_pct_lag3": [
      68.74600691529507,
      4.178464982618833,
      0.0
    ],
    "pres_hpa_lag3": [
      1013.0128899558775,
      7.403676807740434,
      0.0
    ],
    "wspd_ms_lag3": [
      3.7305735152376394,
      1.4051338515049792,
      0.0
    ],
    "solar_wm2_lag3": [
      248.1482615042369,
      309.13269071243235,
      0.0
    ],
    "hour_sin_lag3": [
      -0.00010830246303976996,
      0.7071067728925926,
      0.0
    ],
    "hour_cos_lag3": [
      0.00010830246303969649,
      0.7071067728925926,
      0.0
    ],
    "doy_sin_lag3": [
      0.2155393419058067,
      0.6746197666571222,
      0.0
    ],
    "doy_cos_lag3": [
      -0.2187309789144522,
      0.6712583119704569,
      0.0
    ],
    "temp_c_lag6": [
      17.55222917805968,
      7.223630998782388,
      0.0
    ],
    "rh_pct_lag6": [
      68.747803048921,
      4.180764779475283,
      0.0
    ],
    "pres_hpa_lag6": [
      1013.0107482034259,
      7.402629514835185,
      0.0
    ],
    "wspd_ms_lag6": [
      3.7304239198495486,
      1.405262386426919,
      0.0
    ],
    "solar_wm2_lag6": [
      247.9328662455368,
      308.8250575981764,
      0.0
    ],
    "hour_sin_lag6": [
      -0.00015316281206924047,
      0.7071609137580976,
      0.0
    ],
    "hour_cos_lag6": [
      -5.659093622227785e-17,
      0.7070526278813801,
      0.0
    ],
    "doy_sin_lag6": [
      0.21600667451437464,
      0.6741297509086666,
      0.0
    ],
    "doy_cos_lag6": [
      -0.21826414848932124,
      0.6717521544359137,
      0.0
    ],
    "temp_c_lag12": [
      17.545505879177657,
      7.228770865386318,
      0.0
    ],
    "rh_pct_lag12": [
      68.75056530217,
      4.1821608518096784,
      0.0
    ],
    "pres_hpa_lag12": [
      1013.0083299370149,
      7.401380824550135,
      0.0
    ],
    "wspd_ms_lag12": [
      3.7286474256376247,
      1.404662533332136,
      0.0
    ],
    "solar_wm2_lag12": [
      247.8977882750628,
      308.8402098724164,
      0.0
    ],
    "hour_sin_lag12": [
      -1.523602129061327e-17,
      0.7070526278813801,
      0.0
    ],
    "hour_cos_lag12": [
      -0.00015316281206928617,
      0.7071609137580976,
      0.0
    ],
    "doy_sin_lag12": [
      0.21694133973151067,
      0.67314767596191,
      0.0
    ],
    "doy_cos_lag12": [
      -0.21733048763905954,
      0.672737779974594,
      0.0
    ],
    "temp_c_lag24": [
      17.528964752542617,
      7.247115822837545,
      0.0
    ],
    "rh_pct_lag24": [
      68.75955670403982,
      4.188815422437653,
      0.0
    ],
    "pres_hpa_lag24": [
      1013.0014804283655,
      7.397858516504503,
      0.0
    ],
    "wspd_ms_lag24": [
      3.72827470224333,
      1.4060738948689189,
      0.0
    ],
    "solar_wm2_lag24": [
      247.71879137573728,
      308.57290780754295,
      0.0
    ],
    "hour_sin_lag24": [
      -1.7412595760700876e-17,
      0.7070526278813801,
      0.0
    ],
    "hour_cos_lag24": [
      0.000153162812069173,
      0.7071609137580976,
      0.0
    ],
    "doy_sin_lag24": [
      0.21881067016578257,
      0.6711753103653256,
      0.0
    ],
    "doy_cos_lag24": [
      -0.21546316593853623,
      0.6747008355570289,
      0.0
    ],
    "temp_c_t+1": [
      17.560387835480572,
      7.209912833105447,
      0.0
    ],
    "temp_c_t+3": [
      17.562905534246983,
      7.2056353830377615,
      0.0
    ],
    "temp_c_t+6": [
      17.566867021391715,
      7.200446917185543,
      0.0
    ]
  }
}